2024-07-21 18:30:20,0,0,86,167,0,159
2024-07-21 18:30:20,0,0,85,167,1,165
2024-07-21 18:30:21,29,54,86,167,1,161
2024-07-21 18:30:21,0,0,88,167,1,163
2024-07-21 18:30:22,0,0,92,167,1,138
2024-07-21 18:30:22,29,54,88,167,1,144
2024-07-21 18:30:22,0,0,86,167,0,157
2024-07-21 18:30:23,0,0,86,167,0,155
2024-07-21 18:30:23,29,54,88,167,0,160
2024-07-21 18:30:24,0,0,88,167,0,157
2024-07-21 18:30:24,0,0,85,167,0,143
2024-07-21 18:30:24,29,54,151,167,0,157
2024-07-21 18:30:25,0,0,87,167,0,160
2024-07-21 18:30:25,0,0,86,167,0,146
2024-07-21 18:30:26,29,54,86,167,0,150
2024-07-21 18:30:26,0,0,87,167,0,137
2024-07-21 18:30:27,0,0,88,167,0,151
2024-07-21 18:30:27,29,54,87,167,0,137
2024-07-21 18:30:27,0,0,86,167,1,139
2024-07-21 18:30:28,0,0,85,167,1,163
2024-07-21 18:30:28,29,54,86,167,1,153
2024-07-21 18:30:29,0,0,86,167,1,152
2024-07-21 18:30:29,0,0,86,167,1,162
2024-07-21 18:30:30,29,54,86,167,1,162
2024-07-21 18:30:30,0,0,85,167,0,152
2024-07-21 18:30:30,0,0,88,167,0,137
2024-07-21 18:30:31,29,54,87,167,1,157
2024-07-21 18:30:31,0,0,85,167,1,132
2024-07-21 18:30:32,0,0,89,167,1,161
2024-07-21 18:30:32,29,54,204,167,1,143
2024-07-21 18:30:32,0,0,134,167,1,142
2024-07-21 18:30:33,0,0,203,167,1,156
2024-07-21 18:30:33,29,54,86,167,0,146
2024-07-21 18:30:34,0,0,85,167,0,147
2024-07-21 18:30:34,0,0,87,167,0,160
2024-07-21 18:30:35,29,54,85,167,0,163
2024-07-21 18:30:35,0,0,117,167,0,163
2024-07-21 18:30:35,0,0,86,167,1,163
2024-07-21 18:30:36,29,54,91,167,1,152
2024-07-21 18:30:36,0,0,86,167,1,162
2024-07-21 18:30:37,0,0,86,167,1,136
2024-07-21 18:30:37,29,54,85,167,1,145
2024-07-21 18:30:38,0,0,173,167,1,160
2024-07-21 18:30:38,0,0,87,167,0,198
2024-07-21 18:30:38,29,54,142,167,0,157
2024-07-21 18:30:39,0,0,87,167,0,162
2024-07-21 18:30:39,0,0,86,167,1,136
2024-07-21 18:30:40,29,54,85,167,1,147
2024-07-21 18:30:40,0,0,86,167,1,134
2024-07-21 18:30:40,0,0,86,167,1,137
2024-07-21 18:30:41,29,54,86,167,1,132
2024-07-21 18:30:41,0,0,84,167,0,159
2024-07-21 18:30:42,0,0,87,166,0,137
2024-07-21 18:30:42,29,54,88,167,0,140
2024-07-21 18:30:43,0,0,87,167,0,133
2024-07-21 18:30:43,0,0,86,167,0,143
2024-07-21 18:30:43,29,54,84,167,1,133
2024-07-21 18:30:44,0,0,84,167,1,158
2024-07-21 18:30:44,0,0,87,167,1,161
2024-07-21 18:30:45,29,54,85,167,1,162
2024-07-21 18:30:45,0,0,88,167,1,156
2024-07-21 18:30:45,0,0,181,167,0,157
2024-07-21 18:30:46,29,54,87,167,0,157
2024-07-21 18:30:46,0,0,87,167,0,159
2024-07-21 18:30:47,0,0,86,167,0,146
2024-07-21 18:30:47,29,54,88,167,0,151
2024-07-21 18:30:48,0,0,88,167,0,132
2024-07-21 18:30:48,0,0,88,167,0,158
2024-07-21 18:30:48,29,54,93,167,1,147
2024-07-21 18:30:49,0,0,87,167,1,160
2024-07-21 18:30:49,0,0,88,167,1,142
2024-07-21 18:30:50,29,54,84,167,1,146
2024-07-21 18:30:50,0,0,85,167,1,134
2024-07-21 18:30:50,0,0,87,167,0,157
2024-07-21 18:30:51,29,54,86,167,0,143
2024-07-21 18:30:51,0,0,86,167,0,163
2024-07-21 18:30:52,0,0,87,167,0,144
2024-07-21 18:30:52,29,54,91,167,0,153
2024-07-21 18:30:53,0,0,88,167,0,139
2024-07-21 18:30:53,0,0,85,167,1,152
2024-07-21 18:30:53,29,54,86,167,1,132
2024-07-21 18:30:54,0,0,88,167,1,159
2024-07-21 18:30:54,0,0,86,166,1,132
2024-07-21 18:30:55,29,54,85,167,1,134
2024-07-21 18:30:55,0,0,87,167,0,149
2024-07-21 18:30:56,0,0,89,167,0,160
2024-07-21 18:30:56,29,54,86,167,0,161
2024-07-21 18:30:56,0,0,85,31,0,156
2024-07-21 18:30:57,0,0,89,167,1,139
2024-07-21 18:30:57,29,54,85,167,1,144
2024-07-21 18:30:58,0,0,86,167,1,142
2024-07-21 18:30:58,0,0,85,167,1,163
2024-07-21 18:30:58,29,54,86,167,1,160
2024-07-21 18:30:59,0,0,87,167,0,154
2024-07-21 18:30:59,0,0,86,167,0,132
2024-07-21 18:31:00,29,54,86,167,0,134
2024-07-21 18:31:00,0,0,87,167,1,140
2024-07-21 18:31:01,0,0,88,167,1,155
2024-07-21 18:31:01,29,54,88,21,1,162
2024-07-21 18:31:01,0,0,88,21,1,133
2024-07-21 18:31:02,0,0,211,167,1,147
2024-07-21 18:31:02,29,54,85,167,1,147
2024-07-21 18:31:03,0,0,85,167,0,160
2024-07-21 18:31:03,0,0,88,167,0,143
2024-07-21 18:31:03,29,54,87,167,0,148
2024-07-21 18:31:04,0,0,86,167,1,150
2024-07-21 18:31:04,0,0,87,167,1,162
2024-07-21 18:31:05,29,54,87,8,1,161
2024-07-21 18:31:05,0,0,88,167,1,149
2024-07-21 18:31:06,0,0,102,167,1,148
2024-07-21 18:31:06,29,54,88,167,0,159
2024-07-21 18:31:06,0,0,88,3,0,153
2024-07-21 18:31:07,0,0,86,167,0,134
2024-07-21 18:31:07,29,54,83,167,0,133
2024-07-21 18:31:08,0,0,87,167,0,155
2024-07-21 18:31:08,0,0,86,167,0,151
2024-07-21 18:31:08,29,54,87,167,1,130
2024-07-21 18:31:09,0,0,87,167,1,138
2024-07-21 18:31:09,0,0,87,167,1,163
2024-07-21 18:31:10,29,54,89,167,1,161
2024-07-21 18:31:10,0,0,85,167,1,152
2024-07-21 18:31:11,0,0,88,167,0,136
2024-07-21 18:31:11,29,54,85,167,0,141
2024-07-21 18:31:11,0,0,87,167,0,153
2024-07-21 18:31:12,0,0,87,167,1,163
2024-07-21 18:31:12,29,54,91,167,1,161
2024-07-21 18:31:13,0,0,86,167,1,160
2024-07-21 18:31:13,0,0,151,167,1,161
2024-07-21 18:31:13,29,54,88,167,1,165
2024-07-21 18:31:14,0,0,184,167,1,156
2024-07-21 18:31:14,0,0,493,167,0,161
2024-07-21 18:31:15,29,54,86,167,0,154
2024-07-21 18:31:15,0,0,85,166,0,153
2024-07-21 18:31:16,0,0,88,167,0,135
2024-07-21 18:31:16,29,54,87,167,0,137
2024-07-21 18:31:16,0,0,86,167,0,156
2024-07-21 18:31:17,0,0,86,167,0,156
2024-07-21 18:31:17,29,55,83,167,0,150
2024-07-21 18:31:18,0,0,88,167,0,161
2024-07-21 18:31:18,0,0,86,167,0,139
2024-07-21 18:31:19,29,55,87,167,0,149
2024-07-21 18:31:19,0,0,88,167,0,138
2024-07-21 18:31:19,0,0,86,167,0,163
2024-07-21 18:31:20,29,55,88,167,0,159
2024-07-21 18:31:20,0,0,90,167,0,144
2024-07-21 18:31:21,0,0,85,167,0,143
2024-07-21 18:31:21,29,55,227,167,0,161
2024-07-21 18:31:21,0,0,87,167,0,162
2024-07-21 18:31:22,0,0,88,167,0,137
2024-07-21 18:31:22,29,55,87,167,0,157
2024-07-21 18:31:23,0,0,87,167,0,132
2024-07-21 18:31:23,0,0,87,167,0,162
2024-07-21 18:31:24,29,55,88,167,0,161
2024-07-21 18:31:24,0,0,87,167,0,157
2024-07-21 18:31:24,0,0,89,167,0,132
2024-07-21 18:31:25,29,55,87,167,0,141
2024-07-21 18:31:25,0,0,87,167,0,152
2024-07-21 18:31:26,0,0,87,167,0,164
2024-07-21 18:31:26,29,55,87,167,0,165
2024-07-21 18:31:26,0,0,136,167,0,142
2024-07-21 18:31:27,0,0,87,167,0,136
2024-07-21 18:31:27,29,55,88,167,0,132
2024-07-21 18:31:28,0,0,88,167,0,155
2024-07-21 18:31:28,0,0,87,167,0,160
2024-07-21 18:31:29,29,55,86,167,0,164
2024-07-21 18:31:29,0,0,89,167,0,150
2024-07-21 18:31:29,0,0,87,167,0,131
2024-07-21 18:31:30,29,55,88,167,0,135
2024-07-21 18:31:30,0,0,88,167,0,151
2024-07-21 18:31:31,0,0,88,167,0,160
2024-07-21 18:31:31,29,55,88,167,0,156
2024-07-21 18:31:31,0,0,87,167,0,132
2024-07-21 18:31:32,0,0,88,167,0,161
2024-07-21 18:31:32,29,55,86,167,0,155
2024-07-21 18:31:33,0,0,88,167,0,164
2024-07-21 18:31:33,0,0,88,167,0,144
2024-07-21 18:31:34,29,55,89,167,0,157
2024-07-21 18:31:34,0,0,85,167,0,130
2024-07-21 18:31:34,0,0,86,167,0,157
2024-07-21 18:31:35,29,55,87,167,0,152
2024-07-21 18:31:35,0,0,148,167,0,131
2024-07-21 18:31:36,0,0,87,167,0,139
2024-07-21 18:31:36,29,55,87,167,0,146
2024-07-21 18:31:37,0,0,88,167,0,134
2024-07-21 18:31:37,0,0,87,167,0,157
2024-07-21 18:31:37,29,55,88,167,0,131
2024-07-21 18:31:38,0,0,87,167,0,162
2024-07-21 18:31:38,0,0,87,167,0,153
2024-07-21 18:31:39,29,55,88,167,0,150
2024-07-21 18:31:39,0,0,87,167,0,133
2024-07-21 18:31:39,0,0,87,167,0,161
2024-07-21 18:31:40,29,54,181,167,0,146
2024-07-21 18:31:40,0,0,88,167,0,145
2024-07-21 18:31:41,0,0,88,167,0,145
2024-07-21 18:31:41,29,55,87,167,0,133
2024-07-21 18:31:42,0,0,87,167,0,161
2024-07-21 18:31:42,0,0,88,167,0,155
2024-07-21 18:31:42,29,55,89,167,0,161
2024-07-21 18:31:43,0,0,89,167,0,134
2024-07-21 18:31:43,0,0,88,167,0,148
2024-07-21 18:31:44,29,55,89,167,0,132
2024-07-21 18:31:44,0,0,87,167,0,161
2024-07-21 18:31:44,0,0,86,167,0,155
2024-07-21 18:31:45,29,55,89,167,0,159
2024-07-21 18:31:45,0,0,85,167,0,154
2024-07-21 18:31:46,0,0,87,167,0,132
2024-07-21 18:31:46,29,55,89,167,0,150
2024-07-21 18:31:47,0,0,87,167,0,150
2024-07-21 18:31:47,0,0,166,167,0,149
2024-07-21 18:31:47,29,55,88,167,1,155
2024-07-21 18:31:48,0,0,89,167,1,161
2024-07-21 18:31:48,0,0,85,167,1,154
2024-07-21 18:31:49,29,55,87,167,1,158
2024-07-21 18:31:49,0,0,87,167,1,136
2024-07-21 18:31:49,0,0,88,167,0,162
2024-07-21 18:31:50,29,55,155,167,0,136
2024-07-21 18:31:50,0,0,89,167,0,135
2024-07-21 18:31:51,0,0,93,167,0,158
2024-07-21 18:31:51,29,55,92,167,0,146
2024-07-21 18:31:52,0,0,88,167,0,146
2024-07-21 18:31:52,0,0,88,167,0,163
2024-07-21 18:31:52,29,55,88,167,0,163
2024-07-21 18:31:53,0,0,88,167,0,150
2024-07-21 18:31:53,0,0,89,167,0,149
2024-07-21 18:31:54,28,54,88,167,0,161
2024-07-21 18:31:54,0,0,88,167,0,157
2024-07-21 18:31:55,0,0,88,167,1,133
2024-07-21 18:31:55,29,55,87,167,1,140
2024-07-21 18:31:55,0,0,142,167,1,135
2024-07-21 18:31:56,0,0,246,167,1,156
2024-07-21 18:31:56,29,55,89,167,1,135
2024-07-21 18:31:57,0,0,89,167,1,156
2024-07-21 18:31:57,0,0,90,167,0,161
2024-07-21 18:31:57,29,55,87,167,0,161
2024-07-21 18:31:58,0,0,86,167,0,138
2024-07-21 18:31:58,0,0,94,167,0,151
2024-07-21 18:31:59,29,55,89,167,0,139
2024-07-21 18:31:59,0,0,93,167,1,134
2024-07-21 18:32:00,0,0,88,167,1,161
2024-07-21 18:32:00,29,55,90,167,1,158
2024-07-21 18:32:00,0,0,170,167,1,150
2024-07-21 18:32:01,0,0,88,167,1,156
2024-07-21 18:32:01,29,55,87,167,1,150
2024-07-21 18:32:02,0,0,90,167,0,160
2024-07-21 18:32:02,0,0,86,167,0,160
2024-07-21 18:32:03,29,55,93,167,0,159
2024-07-21 18:32:03,0,0,90,167,0,142
2024-07-21 18:32:03,0,0,90,167,1,148
2024-07-21 18:32:04,29,55,92,167,1,139
2024-07-21 18:32:04,0,0,87,167,1,162
2024-07-21 18:32:05,0,0,87,167,1,153
2024-07-21 18:32:05,29,55,87,167,1,161
2024-07-21 18:32:05,0,0,87,167,1,147
2024-07-21 18:32:06,0,0,87,167,0,134
2024-07-21 18:32:06,29,55,89,167,0,130
2024-07-21 18:32:07,0,0,90,167,1,149
2024-07-21 18:32:07,0,0,87,167,1,160
2024-07-21 18:32:08,29,55,88,167,1,151
2024-07-21 18:32:08,0,0,90,167,1,159
2024-07-21 18:32:08,0,0,92,167,1,144
2024-07-21 18:32:09,29,55,88,167,1,157
2024-07-21 18:32:09,0,0,90,167,0,137
2024-07-21 18:32:10,0,0,85,167,0,162
2024-07-21 18:32:10,29,55,87,167,0,148
2024-07-21 18:32:10,0,0,87,167,0,162
2024-07-21 18:32:11,0,0,87,167,0,150
2024-07-21 18:32:11,29,55,90,167,0,158
2024-07-21 18:32:12,0,0,90,167,0,146
2024-07-21 18:32:12,0,0,87,167,0,134
2024-07-21 18:32:13,28,54,87,167,0,143
2024-07-21 18:32:13,0,0,87,167,0,142
2024-07-21 18:32:13,0,0,90,167,1,159
2024-07-21 18:32:14,29,55,87,167,1,160
2024-07-21 18:32:14,0,0,90,167,1,158
2024-07-21 18:32:15,0,0,87,167,1,157
2024-07-21 18:32:15,29,55,87,167,1,158
2024-07-21 18:32:15,0,0,87,167,1,153
2024-07-21 18:32:16,0,0,89,167,0,134
2024-07-21 18:32:16,29,55,89,167,0,149
2024-07-21 18:32:17,0,0,88,167,0,131
2024-07-21 18:32:17,0,0,91,167,1,158
2024-07-21 18:32:18,29,55,87,167,1,140
2024-07-21 18:32:18,0,0,88,167,1,162
2024-07-21 18:32:18,0,0,87,167,1,156
2024-07-21 18:32:19,29,55,88,167,1,160
2024-07-21 18:32:19,0,0,90,167,1,137
2024-07-21 18:32:20,0,0,87,167,0,150
2024-07-21 18:32:20,29,55,87,167,0,128
2024-07-21 18:32:21,0,0,88,167,0,159
2024-07-21 18:32:21,0,0,89,167,1,155
2024-07-21 18:32:21,29,55,89,167,1,159
2024-07-21 18:32:22,0,0,88,167,1,145
2024-07-21 18:32:22,0,0,87,167,1,136
2024-07-21 18:32:23,29,55,88,167,1,138
2024-07-21 18:32:23,0,0,86,167,0,151
2024-07-21 18:32:23,0,0,87,167,0,161
2024-07-21 18:32:24,29,55,88,167,0,160
2024-07-21 18:32:24,0,0,90,167,1,157
2024-07-21 18:32:25,0,0,88,167,1,134
2024-07-21 18:32:25,29,55,89,167,1,156
2024-07-21 18:32:26,0,0,91,167,1,130
2024-07-21 18:32:26,0,0,88,167,1,158
2024-07-21 18:32:26,29,55,90,167,1,154
2024-07-21 18:32:27,0,0,90,167,0,159
2024-07-21 18:32:27,0,0,88,167,0,136
2024-07-21 18:32:28,29,55,89,167,1,154
2024-07-21 18:32:28,0,0,89,167,1,130
2024-07-21 18:32:28,0,0,89,167,1,150
2024-07-21 18:32:29,29,55,89,167,1,140
2024-07-21 18:32:29,0,0,90,167,1,161
2024-07-21 18:32:30,0,0,88,167,1,152
2024-07-21 18:32:30,28,54,87,167,0,161
2024-07-21 18:32:31,0,0,90,167,0,148
2024-07-21 18:32:31,0,0,87,167,0,129
2024-07-21 18:32:31,29,55,90,167,0,141
2024-07-21 18:32:32,0,0,88,167,0,136
2024-07-21 18:32:32,0,0,90,167,0,159
2024-07-21 18:32:33,29,55,87,167,0,153
2024-07-21 18:32:33,0,0,87,167,0,155
2024-07-21 18:32:33,0,0,90,167,0,141
2024-07-21 18:32:34,29,55,88,167,0,132
2024-07-21 18:32:34,0,0,89,167,0,158
2024-07-21 18:32:35,0,0,86,167,0,132
2024-07-21 18:32:35,29,55,89,167,0,143
2024-07-21 18:32:36,0,0,89,167,0,142
2024-07-21 18:32:36,0,0,90,167,0,156
2024-07-21 18:32:36,29,55,87,167,0,161
2024-07-21 18:32:37,0,0,89,167,0,129
2024-07-21 18:32:37,0,0,89,167,0,151
2024-07-21 18:32:38,29,55,90,167,0,130
2024-07-21 18:32:38,0,0,90,167,0,152
2024-07-21 18:32:39,0,0,88,167,0,158
2024-07-21 18:32:39,29,55,88,167,0,160
2024-07-21 18:32:39,0,0,88,167,0,149
2024-07-21 18:32:40,0,0,92,167,0,132
2024-07-21 18:32:40,29,55,90,167,0,131
2024-07-21 18:32:41,0,0,90,167,0,158
2024-07-21 18:32:41,0,0,89,167,0,145
2024-07-21 18:32:41,29,55,89,167,0,153
2024-07-21 18:32:42,0,0,90,167,0,158
2024-07-21 18:32:42,0,0,92,167,0,129
2024-07-21 18:32:43,29,55,268,167,0,149
2024-07-21 18:32:43,0,0,90,167,0,158
2024-07-21 18:32:44,0,0,91,167,0,155
2024-07-21 18:32:44,29,55,90,167,0,150
2024-07-21 18:32:44,0,0,88,167,0,159
2024-07-21 18:32:45,0,0,86,167,0,135
2024-07-21 18:32:45,29,55,87,167,0,159
2024-07-21 18:32:46,0,0,87,167,0,129
2024-07-21 18:32:46,0,0,90,167,0,148
2024-07-21 18:32:46,28,54,199,167,0,151
2024-07-21 18:32:47,0,0,86,167,0,134
2024-07-21 18:32:47,0,0,89,167,0,158
2024-07-21 18:32:48,29,55,89,167,0,140
2024-07-21 18:32:48,0,0,81,167,0,157
2024-07-21 18:32:49,0,0,87,167,0,150
2024-07-21 18:32:49,28,54,89,167,0,133
2024-07-21 18:32:49,0,0,88,167,0,139
2024-07-21 18:32:50,0,0,90,167,0,154
2024-07-21 18:32:50,29,55,89,167,0,134
2024-07-21 18:32:51,0,0,90,167,0,150
2024-07-21 18:32:51,0,0,88,167,0,158
2024-07-21 18:32:52,28,54,87,167,0,149
2024-07-21 18:32:52,0,0,88,167,0,159
2024-07-21 18:32:52,0,0,89,167,0,157
2024-07-21 18:32:53,29,55,88,167,0,157
2024-07-21 18:32:53,0,0,89,167,0,159
2024-07-21 18:32:54,0,0,87,167,0,128
2024-07-21 18:32:54,29,55,87,167,0,148
2024-07-21 18:32:54,0,0,89,167,0,129
2024-07-21 18:32:55,0,0,88,167,0,141
2024-07-21 18:32:55,29,55,90,167,0,138
2024-07-21 18:32:56,0,0,90,167,0,137
2024-07-21 18:32:56,0,0,89,167,0,144
2024-07-21 18:32:57,29,55,87,167,0,127
2024-07-21 18:32:57,0,0,90,167,0,157
2024-07-21 18:32:57,0,0,89,166,0,135
2024-07-21 18:32:58,29,55,91,167,0,141
2024-07-21 18:32:58,0,0,90,167,0,134
2024-07-21 18:32:59,0,0,90,167,0,157
2024-07-21 18:32:59,29,55,88,167,0,154
2024-07-21 18:32:59,0,0,92,167,0,151
2024-07-21 18:33:00,0,0,91,167,0,131
2024-07-21 18:33:00,29,55,90,167,0,138
2024-07-21 18:33:01,0,0,89,167,0,155
2024-07-21 18:33:01,0,0,88,167,0,134
2024-07-21 18:33:02,29,55,90,167,0,154
2024-07-21 18:33:02,0,0,89,167,0,128
2024-07-21 18:33:02,0,0,89,167,0,145
2024-07-21 18:33:03,29,55,89,167,0,133
2024-07-21 18:33:03,0,0,90,167,0,157
2024-07-21 18:33:04,0,0,89,167,0,139
2024-07-21 18:33:04,29,55,134,167,0,128
2024-07-21 18:33:05,0,0,87,167,0,150
2024-07-21 18:33:05,0,0,89,167,0,153
2024-07-21 18:33:05,29,55,89,167,0,158
2024-07-21 18:33:06,0,0,89,167,0,157
2024-07-21 18:33:06,0,0,89,167,0,140
2024-07-21 18:33:07,29,55,87,167,0,146
2024-07-21 18:33:07,0,0,91,167,0,127
2024-07-21 18:33:07,0,0,92,167,0,157
2024-07-21 18:33:08,29,55,90,167,0,144
2024-07-21 18:33:08,0,0,89,167,0,158
2024-07-21 18:33:09,0,0,90,167,0,146
2024-07-21 18:33:09,29,55,89,167,0,152
2024-07-21 18:33:10,0,0,90,167,0,127
2024-07-21 18:33:10,0,0,89,167,0,152
2024-07-21 18:33:10,29,55,89,167,0,126
2024-07-21 18:33:11,0,0,92,167,0,155
2024-07-21 18:33:11,0,0,87,167,0,137
2024-07-21 18:33:12,29,55,90,167,0,146
2024-07-21 18:33:12,0,0,90,167,0,127
2024-07-21 18:33:12,0,0,91,167,1,152
2024-07-21 18:33:13,29,55,88,167,1,135
2024-07-21 18:33:13,0,0,92,167,1,150
2024-07-21 18:33:14,0,0,91,167,1,119
2024-07-21 18:33:14,29,55,90,167,1,126
2024-07-21 18:33:15,0,0,91,167,0,139
2024-07-21 18:33:15,0,0,89,167,0,146
2024-07-21 18:33:15,29,55,89,167,0,149
2024-07-21 18:33:16,0,0,90,167,0,134
2024-07-21 18:33:16,0,0,90,167,0,120
2024-07-21 18:33:17,29,55,89,167,0,123
2024-07-21 18:33:17,0,0,90,167,0,150
2024-07-21 18:33:17,0,0,93,167,0,133
2024-07-21 18:33:18,29,55,92,167,0,148
2024-07-21 18:33:18,0,0,90,167,0,123
2024-07-21 18:33:19,0,0,90,167,0,137
2024-07-21 18:33:19,29,55,90,167,0,123
2024-07-21 18:33:20,0,0,90,167,0,148
2024-07-21 18:33:20,0,0,90,167,0,138
2024-07-21 18:33:20,29,55,90,167,0,146
2024-07-21 18:33:21,0,0,90,167,0,123
2024-07-21 18:33:21,0,0,89,167,0,127
2024-07-21 18:33:22,29,55,89,167,0,120
2024-07-21 18:33:22,0,0,91,167,0,147
2024-07-21 18:33:22,0,0,90,167,0,143
2024-07-21 18:33:23,29,55,90,167,0,150
2024-07-21 18:33:23,0,0,91,167,0,126
2024-07-21 18:33:24,0,0,90,167,0,123
2024-07-21 18:33:24,29,55,91,167,0,119
2024-07-21 18:33:25,0,0,92,167,0,145
2024-07-21 18:33:25,0,0,90,167,0,140
2024-07-21 18:33:25,29,55,94,167,0,149
2024-07-21 18:33:26,0,0,90,167,0,129
2024-07-21 18:33:26,0,0,90,167,0,119
2024-07-21 18:33:27,29,55,89,167,0,137
2024-07-21 18:33:27,0,0,88,167,0,119
2024-07-21 18:33:28,0,0,87,167,0,140
2024-07-21 18:33:28,29,55,89,167,0,130
2024-07-21 18:33:28,0,0,88,167,0,120
2024-07-21 18:33:29,0,0,87,167,0,149
2024-07-21 18:33:29,29,55,88,167,0,130
2024-07-21 18:33:30,0,0,91,167,0,151
2024-07-21 18:33:30,0,0,89,167,0,147
2024-07-21 18:33:30,29,55,88,167,0,139
2024-07-21 18:33:31,0,0,90,167,0,148
2024-07-21 18:33:31,0,0,87,167,0,138
2024-07-21 18:33:32,29,55,89,167,0,148
2024-07-21 18:33:32,0,0,90,167,0,125
2024-07-21 18:33:33,0,0,90,167,0,125
2024-07-21 18:33:33,29,55,89,167,0,127
2024-07-21 18:33:33,0,0,91,167,0,117
2024-07-21 18:33:34,0,0,91,167,0,147
2024-07-21 18:33:34,29,55,91,167,0,136
2024-07-21 18:33:35,0,0,91,167,0,144
2024-07-21 18:33:35,0,0,90,167,0,147
2024-07-21 18:33:35,29,55,91,167,1,132
2024-07-21 18:33:36,0,0,88,167,1,154
2024-07-21 18:33:36,0,0,91,167,1,126
2024-07-21 18:33:37,29,55,90,167,1,131
2024-07-21 18:33:37,0,0,91,167,1,128
2024-07-21 18:33:38,0,0,90,167,0,156
2024-07-21 18:33:38,29,55,187,167,0,151
2024-07-21 18:33:38,0,0,142,167,0,122
2024-07-21 18:33:39,0,0,92,167,0,124
2024-07-21 18:33:39,29,55,89,167,1,123
2024-07-21 18:33:40,0,0,85,167,1,145
2024-07-21 18:33:40,0,0,87,167,1,145
2024-07-21 18:33:41,29,55,92,167,1,137
2024-07-21 18:33:41,0,0,90,167,1,148
2024-07-21 18:33:41,0,0,90,167,0,125
2024-07-21 18:33:42,29,55,90,167,0,140
2024-07-21 18:33:42,0,0,298,167,0,148
2024-07-21 18:33:43,0,0,90,167,0,145
2024-07-21 18:33:43,29,55,91,167,0,150
2024-07-21 18:33:43,0,0,90,167,0,124
2024-07-21 18:33:44,0,0,249,167,0,132
2024-07-21 18:33:44,29,55,89,167,0,157
2024-07-21 18:33:45,0,0,94,166,0,129
2024-07-21 18:33:45,0,0,92,167,0,139
2024-07-21 18:33:46,29,55,90,167,0,130
2024-07-21 18:33:46,0,0,91,167,0,154
2024-07-21 18:33:46,0,0,93,167,0,136
2024-07-21 18:33:47,29,55,90,167,0,150
2024-07-21 18:33:47,0,0,89,167,0,124
2024-07-21 18:33:48,0,0,90,166,0,155
2024-07-21 18:33:48,29,55,90,167,0,157
2024-07-21 18:33:48,0,0,88,167,0,142
2024-07-21 18:33:49,0,0,90,167,0,132
2024-07-21 18:33:49,29,55,92,167,0,127
2024-07-21 18:33:50,0,0,91,167,0,149
2024-07-21 18:33:50,0,0,95,167,0,150
2024-07-21 18:33:51,29,55,90,167,0,152
2024-07-21 18:33:51,0,0,92,167,0,126
2024-07-21 18:33:51,0,0,89,167,0,155
2024-07-21 18:33:52,29,55,90,167,0,151
2024-07-21 18:33:52,0,0,90,167,0,150
2024-07-21 18:33:53,0,0,91,167,0,136
2024-07-21 18:33:53,29,55,90,167,0,129
2024-07-21 18:33:53,0,0,150,167,0,140
2024-07-21 18:33:54,0,0,91,167,0,139
2024-07-21 18:33:54,29,55,91,167,0,143
2024-07-21 18:33:55,0,0,90,167,0,127
2024-07-21 18:33:55,0,0,92,167,0,154
2024-07-21 18:33:56,28,54,90,167,0,148
2024-07-21 18:33:56,0,0,91,167,0,149
2024-07-21 18:33:56,0,0,90,167,0,124
2024-07-21 18:33:57,29,55,90,167,0,129
2024-07-21 18:33:57,0,0,94,167,0,142
2024-07-21 18:33:58,0,0,92,167,0,154
2024-07-21 18:33:58,29,55,89,167,0,155
2024-07-21 18:33:59,0,0,90,167,0,140
2024-07-21 18:33:59,0,0,90,167,0,127
2024-07-21 18:33:59,29,55,95,167,0,123
2024-07-21 18:34:00,0,0,92,167,0,149
2024-07-21 18:34:00,0,0,93,167,0,145
2024-07-21 18:34:01,28,54,92,167,0,153
2024-07-21 18:34:01,0,0,92,167,0,134
2024-07-21 18:34:01,0,0,92,167,0,129
2024-07-21 18:34:02,29,55,91,167,0,125
2024-07-21 18:34:02,0,0,90,167,0,151
2024-07-21 18:34:03,0,0,92,167,0,152
2024-07-21 18:34:03,29,55,89,167,0,155
2024-07-21 18:34:04,0,0,89,167,0,126
2024-07-21 18:34:04,0,0,91,167,0,147
2024-07-21 18:34:04,29,55,91,167,0,126
2024-07-21 18:34:05,0,0,90,167,1,152
2024-07-21 18:34:05,0,0,90,167,1,151
2024-07-21 18:34:06,29,55,127,167,1,123
2024-07-21 18:34:06,0,0,89,167,1,129
2024-07-21 18:34:06,0,0,90,167,1,143
2024-07-21 18:34:07,29,55,92,167,1,128
2024-07-21 18:34:07,0,0,91,167,0,152
2024-07-21 18:34:08,0,0,91,167,0,139
2024-07-21 18:34:08,29,55,90,167,0,142
2024-07-21 18:34:09,0,0,91,167,0,128
2024-07-21 18:34:09,0,0,91,167,0,129
2024-07-21 18:34:09,29,55,93,167,0,125
2024-07-21 18:34:10,0,0,92,167,0,150
2024-07-21 18:34:10,0,0,92,167,0,151
2024-07-21 18:34:11,29,55,90,167,0,152
2024-07-21 18:34:11,0,0,91,167,0,125
2024-07-21 18:34:11,0,0,92,167,0,149
2024-07-21 18:34:12,29,55,90,167,0,146
2024-07-21 18:34:12,0,0,92,167,0,147
2024-07-21 18:34:13,0,0,90,167,0,125
2024-07-21 18:34:13,28,54,90,167,0,133
2024-07-21 18:34:14,0,0,87,167,0,149
2024-07-21 18:34:14,0,0,92,167,0,151
2024-07-21 18:34:14,29,55,177,167,0,123
2024-07-21 18:34:15,0,0,92,167,0,133
2024-07-21 18:34:15,0,0,91,167,0,150
2024-07-21 18:34:16,29,55,95,167,0,155
2024-07-21 18:34:16,0,0,92,167,0,154
2024-07-21 18:34:17,0,0,146,167,0,147
2024-07-21 18:34:17,29,55,91,167,0,122
2024-07-21 18:34:17,0,0,91,167,0,150
2024-07-21 18:34:18,0,0,91,167,0,151
2024-07-21 18:34:18,28,54,93,167,0,124
2024-07-21 18:34:19,0,0,163,167,0,139
2024-07-21 18:34:19,0,0,91,167,0,153
2024-07-21 18:34:19,29,55,95,167,0,150
2024-07-21 18:34:20,0,0,96,167,0,140
2024-07-21 18:34:20,0,0,92,167,0,145
2024-07-21 18:34:21,29,55,170,167,0,141
2024-07-21 18:34:21,0,0,90,167,0,140
2024-07-21 18:34:22,0,0,92,167,0,146
2024-07-21 18:34:22,29,55,91,167,0,141
2024-07-21 18:34:22,0,0,92,167,0,153
2024-07-21 18:34:23,0,0,90,167,0,143
2024-07-21 18:34:23,29,55,165,167,0,143
2024-07-21 18:34:24,0,0,88,167,0,124
2024-07-21 18:34:24,0,0,90,167,0,153
2024-07-21 18:34:25,29,55,175,167,0,127
2024-07-21 18:34:25,0,0,92,167,0,126
2024-07-21 18:34:25,0,0,91,167,0,145
2024-07-21 18:34:26,29,55,92,167,0,139
2024-07-21 18:34:26,0,0,91,167,0,139
2024-07-21 18:34:27,0,0,90,167,0,151
2024-07-21 18:34:27,29,55,90,167,0,153
2024-07-21 18:34:27,0,0,157,167,0,148
2024-07-21 18:34:28,0,0,91,167,0,140
2024-07-21 18:34:28,29,55,90,167,0,127
2024-07-21 18:34:29,0,0,92,167,0,152
2024-07-21 18:34:29,0,0,89,167,0,136
2024-07-21 18:34:30,29,55,90,167,0,150
2024-07-21 18:34:30,0,0,92,167,0,127
2024-07-21 18:34:30,0,0,93,167,0,138
2024-07-21 18:34:31,29,55,89,167,0,129
2024-07-21 18:34:31,0,0,92,166,0,149
2024-07-21 18:34:32,0,0,89,167,0,121
2024-07-21 18:34:32,29,55,90,167,1,132
2024-07-21 18:34:32,0,0,92,167,1,134
2024-07-21 18:34:33,0,0,92,167,1,150
2024-07-21 18:34:33,29,55,94,167,1,148
2024-07-21 18:34:34,0,0,146,167,1,138
2024-07-21 18:34:34,0,0,269,167,1,137
2024-07-21 18:34:35,29,55,92,167,0,124
2024-07-21 18:34:35,0,0,151,167,0,121
2024-07-21 18:34:35,0,0,93,167,0,119
2024-07-21 18:34:36,29,55,92,167,1,117
2024-07-21 18:34:36,0,0,92,167,1,142
2024-07-21 18:34:37,0,0,93,167,1,142
2024-07-21 18:34:37,29,55,92,167,1,147
2024-07-21 18:34:38,0,0,91,167,1,126
2024-07-21 18:34:38,0,0,92,166,1,147
2024-07-21 18:34:38,29,55,91,167,0,144
2024-07-21 18:34:39,0,0,91,167,0,143
2024-07-21 18:34:39,0,0,92,167,0,143
2024-07-21 18:34:40,29,55,263,167,0,117
2024-07-21 18:34:40,0,0,91,167,0,118
2024-07-21 18:34:40,0,0,92,167,1,144
2024-07-21 18:34:41,29,55,89,167,1,135
2024-07-21 18:34:41,0,0,91,167,1,141
2024-07-21 18:34:42,0,0,92,167,1,118
2024-07-21 18:34:42,29,55,89,167,1,130
2024-07-21 18:34:43,0,0,247,167,0,123
2024-07-21 18:34:43,0,0,166,167,0,145
2024-07-21 18:34:43,29,55,92,167,0,129
2024-07-21 18:34:44,0,0,91,167,0,147
2024-07-21 18:34:44,0,0,93,167,0,127
2024-07-21 18:34:45,29,55,90,167,0,147
2024-07-21 18:34:45,0,0,219,167,0,144
2024-07-21 18:34:45,0,0,91,167,0,147
2024-07-21 18:34:46,29,55,89,167,0,147
2024-07-21 18:34:46,0,0,88,167,0,134
2024-07-21 18:34:47,0,0,91,167,0,143
2024-07-21 18:34:47,29,55,146,167,0,145
2024-07-21 18:34:48,0,0,93,167,0,148
2024-07-21 18:34:48,0,0,253,167,0,139
2024-07-21 18:34:48,29,55,157,167,0,126
2024-07-21 18:34:49,0,0,92,167,1,126
2024-07-21 18:34:49,0,0,92,166,1,147
2024-07-21 18:34:50,29,55,92,167,1,145
2024-07-21 18:34:50,0,0,92,167,1,144
2024-07-21 18:34:51,0,0,96,167,1,137
2024-07-21 18:34:51,29,55,90,167,1,146
2024-07-21 18:34:51,0,0,92,167,0,148
2024-07-21 18:34:52,0,0,92,167,0,127
2024-07-21 18:34:52,29,55,94,167,0,117
2024-07-21 18:34:53,0,0,91,167,1,148
2024-07-21 18:34:53,0,0,140,167,1,140
2024-07-21 18:34:53,29,55,92,167,1,122
2024-07-21 18:34:54,0,0,92,167,1,149
2024-07-21 18:34:54,0,0,92,167,1,130
2024-07-21 18:34:55,29,55,92,167,0,135
2024-07-21 18:34:55,0,0,92,167,0,124
2024-07-21 18:34:56,0,0,92,167,0,143
2024-07-21 18:34:56,29,55,90,167,0,145
2024-07-21 18:34:56,0,0,92,167,0,122
2024-07-21 18:34:57,0,0,92,167,0,137
2024-07-21 18:34:57,29,55,94,167,0,131
2024-07-21 18:34:58,0,0,94,167,0,149
2024-07-21 18:34:58,0,0,91,167,0,118
2024-07-21 18:34:58,28,54,149,167,0,134
2024-07-21 18:34:59,0,0,92,167,0,142
2024-07-21 18:34:59,0,0,92,167,0,145
2024-07-21 18:35:00,28,54,92,167,0,147
2024-07-21 18:35:00,0,0,91,167,0,129
2024-07-21 18:35:01,0,0,90,167,0,129
2024-07-21 18:35:01,29,55,93,167,0,136
2024-07-21 18:35:01,0,0,87,167,0,125
2024-07-21 18:35:02,0,0,93,167,0,146
2024-07-21 18:35:02,29,55,96,167,0,142
2024-07-21 18:35:03,0,0,93,167,0,136
2024-07-21 18:35:03,0,0,93,167,0,119
2024-07-21 18:35:04,29,55,92,167,0,124
2024-07-21 18:35:04,0,0,91,167,0,133
2024-07-21 18:35:04,0,0,91,167,0,147
2024-07-21 18:35:05,29,55,93,167,0,145
2024-07-21 18:35:05,0,0,91,167,0,138
2024-07-21 18:35:06,0,0,92,166,0,131
2024-07-21 18:35:06,29,55,94,167,0,121
2024-07-21 18:35:06,0,0,92,167,0,144
2024-07-21 18:35:07,0,0,91,167,0,132
2024-07-21 18:35:07,29,55,95,167,0,143
2024-07-21 18:35:08,0,0,91,167,0,119
2024-07-21 18:35:08,0,0,91,167,0,142
2024-07-21 18:35:09,29,55,91,167,0,136
2024-07-21 18:35:09,0,0,93,167,0,147
2024-07-21 18:35:09,0,0,91,167,0,133
2024-07-21 18:35:10,29,55,95,167,0,143
2024-07-21 18:35:10,0,0,94,167,0,135
2024-07-21 18:35:11,0,0,136,167,0,122
2024-07-21 18:35:11,29,55,91,167,0,135
2024-07-21 18:35:11,0,0,93,167,0,121
2024-07-21 18:35:12,0,0,92,167,0,145
2024-07-21 18:35:12,29,55,91,167,0,141
2024-07-21 18:35:13,0,0,92,166,0,125
2024-07-21 18:35:13,0,0,92,167,0,135
2024-07-21 18:35:14,29,55,162,167,0,140
2024-07-21 18:35:14,0,0,92,167,0,143
2024-07-21 18:35:14,0,0,91,167,0,137
2024-07-21 18:35:15,28,54,92,167,0,144
2024-07-21 18:35:15,0,0,93,167,0,124
2024-07-21 18:35:16,0,0,92,167,0,145
2024-07-21 18:35:16,29,55,91,167,0,143
2024-07-21 18:35:16,0,0,91,167,0,146
2024-07-21 18:35:17,0,0,96,167,0,123
2024-07-21 18:35:17,29,55,139,167,0,138
2024-07-21 18:35:18,0,0,91,167,0,144
2024-07-21 18:35:18,0,0,92,167,0,140
2024-07-21 18:35:19,29,55,91,167,0,144
2024-07-21 18:35:19,0,0,93,167,0,120
2024-07-21 18:35:19,0,0,93,166,0,144
2024-07-21 18:35:20,29,55,91,167,0,144
2024-07-21 18:35:20,0,0,91,167,0,134
2024-07-21 18:35:21,0,0,92,167,0,119
2024-07-21 18:35:21,29,55,92,167,0,124
2024-07-21 18:35:22,0,0,94,167,0,133
2024-07-21 18:35:22,0,0,92,167,0,146
2024-07-21 18:35:22,29,55,95,167,0,141
2024-07-21 18:35:23,0,0,91,167,0,145
2024-07-21 18:35:23,0,0,94,167,0,122
2024-07-21 18:35:24,29,55,91,167,0,132
2024-07-21 18:35:24,0,0,93,167,0,123
2024-07-21 18:35:24,0,0,94,167,0,144
2024-07-21 18:35:25,29,55,93,167,0,143
2024-07-21 18:35:25,0,0,93,167,0,142
2024-07-21 18:35:26,0,0,91,167,0,117
2024-07-21 18:35:26,29,55,89,167,0,132
2024-07-21 18:35:27,0,0,93,167,0,124
2024-07-21 18:35:27,0,0,93,167,0,146
2024-07-21 18:35:27,29,55,93,167,0,143
2024-07-21 18:35:28,0,0,92,167,0,143
2024-07-21 18:35:28,0,0,91,167,0,117
2024-07-21 18:35:29,29,55,94,167,0,128
2024-07-21 18:35:29,0,0,95,167,0,140
2024-07-21 18:35:29,0,0,93,167,0,138
2024-07-21 18:35:30,29,55,93,167,0,142
2024-07-21 18:35:30,0,0,295,167,0,142
2024-07-21 18:35:31,0,0,91,167,0,143
2024-07-21 18:35:31,29,55,92,167,0,144
2024-07-21 18:35:32,0,0,93,167,0,131
2024-07-21 18:35:32,0,0,92,167,0,124
2024-07-21 18:35:32,29,55,95,167,0,117
2024-07-21 18:35:33,0,0,94,167,0,143
2024-07-21 18:35:33,0,0,247,167,0,113
2024-07-21 18:35:34,29,55,91,167,0,138
2024-07-21 18:35:34,0,0,92,167,0,116
2024-07-21 18:35:34,0,0,94,167,0,143
2024-07-21 18:35:35,29,55,91,167,0,141
2024-07-21 18:35:35,0,0,177,167,0,137
2024-07-21 18:35:36,0,0,139,167,0,146
2024-07-21 18:35:36,29,55,97,167,0,145
2024-07-21 18:35:37,0,0,93,167,0,142
2024-07-21 18:35:37,0,0,92,167,0,116
2024-07-21 18:35:37,29,55,131,167,0,129
2024-07-21 18:35:38,0,0,93,167,0,144
2024-07-21 18:35:38,0,0,91,167,0,134
Time,Temperature,Humidity,Sound_Level,Distance,Motion,Light_intensity
2024-07-21 18:35:39,28,54,150,167,0,144
2024-07-21 18:35:39,0,0,92,167,0,122
2024-07-21 18:35:40,0,0,92,167,0,128
2024-07-21 18:35:40,28,54,96,167,0,119
2024-07-21 18:35:40,0,0,91,167,0,143
2024-07-21 18:35:41,0,0,92,167,0,124
2024-07-21 18:35:41,29,55,181,167,1,113
2024-07-21 18:35:42,0,0,92,167,1,115
2024-07-21 18:35:42,0,0,91,167,1,116
2024-07-21 18:35:42,29,55,91,167,1,116
2024-07-21 18:35:43,0,0,91,167,1,115
2024-07-21 18:35:43,0,0,93,167,0,134
2024-07-21 18:35:44,29,55,93,167,0,129
2024-07-21 18:35:44,0,0,205,167,0,114
2024-07-21 18:35:45,0,0,92,167,1,113
2024-07-21 18:35:45,29,55,92,167,1,110
2024-07-21 18:35:45,0,0,93,167,1,137
2024-07-21 18:35:46,0,0,93,167,1,129
2024-07-21 18:35:46,29,55,92,167,1,127
2024-07-21 18:35:47,0,0,94,167,1,122
2024-07-21 18:35:47,0,0,93,167,0,142
2024-07-21 18:35:47,29,55,91,167,0,141
2024-07-21 18:35:48,0,0,93,167,0,126
2024-07-21 18:35:48,0,0,93,167,0,126
2024-07-21 18:35:49,29,55,92,167,0,133
2024-07-21 18:35:49,0,0,93,167,0,110
2024-07-21 18:35:50,0,0,91,167,0,140
2024-07-21 18:35:50,29,55,92,167,0,137
2024-07-21 18:35:50,0,0,91,167,0,139
2024-07-21 18:35:51,0,0,93,167,1,136
2024-07-21 18:35:51,29,55,92,167,1,138
2024-07-21 18:35:52,0,0,93,167,1,138
2024-07-21 18:35:52,0,0,149,167,1,139
2024-07-21 18:35:53,29,55,93,167,1,130
2024-07-21 18:35:53,0,0,93,167,0,115
2024-07-21 18:35:53,0,0,94,167,0,141
2024-07-21 18:35:54,29,55,94,167,0,125
2024-07-21 18:35:54,0,0,91,167,1,142
2024-07-21 18:35:55,0,0,91,167,1,125
2024-07-21 18:35:55,29,55,94,167,1,142
2024-07-21 18:35:55,0,0,91,167,1,121
2024-07-21 18:35:56,0,0,93,167,1,114
2024-07-21 18:35:56,29,55,91,167,1,127
2024-07-21 18:35:57,0,0,93,167,0,116
2024-07-21 18:35:57,0,0,93,167,0,124
2024-07-21 18:35:58,29,55,94,167,0,135
2024-07-21 18:35:58,0,0,94,167,1,118
2024-07-21 18:35:58,0,0,92,167,1,126
2024-07-21 18:35:59,29,55,94,167,1,118
2024-07-21 18:35:59,0,0,93,167,1,114
2024-07-21 18:36:00,0,0,92,167,1,131
2024-07-21 18:36:00,29,55,93,167,1,117
2024-07-21 18:36:00,0,0,92,167,0,143
2024-07-21 18:36:01,0,0,92,167,0,122
2024-07-21 18:36:01,29,55,93,167,0,142
2024-07-21 18:36:02,0,0,93,167,0,113
2024-07-21 18:36:02,0,0,93,167,1,137
2024-07-21 18:36:03,29,55,94,167,1,112
2024-07-21 18:36:03,0,0,92,167,1,136
2024-07-21 18:36:03,0,0,94,167,1,122
2024-07-21 18:36:04,29,55,92,167,1,138
2024-07-21 18:36:04,0,0,89,167,0,115
2024-07-21 18:36:05,0,0,93,167,0,133
2024-07-21 18:36:05,29,55,94,167,0,116
2024-07-21 18:36:06,0,0,94,167,0,144
2024-07-21 18:36:06,0,0,95,167,0,135
2024-07-21 18:36:06,29,55,94,167,0,140
2024-07-21 18:36:07,0,0,93,167,0,142
2024-07-21 18:36:07,0,0,93,167,0,121
2024-07-21 18:36:08,29,55,93,167,0,136
2024-07-21 18:36:08,0,0,93,167,0,112
2024-07-21 18:36:08,0,0,93,167,0,138
2024-07-21 18:36:09,29,55,91,167,0,141
2024-07-21 18:36:09,0,0,93,167,0,114
2024-07-21 18:36:10,0,0,95,167,0,139
2024-07-21 18:36:10,29,55,91,167,0,128
2024-07-21 18:36:11,0,0,94,167,0,143
2024-07-21 18:36:11,0,0,250,167,0,124
2024-07-21 18:36:11,29,55,95,167,0,142
2024-07-21 18:36:12,0,0,94,167,1,131
2024-07-21 18:36:12,0,0,93,167,1,118
2024-07-21 18:36:13,29,55,91,167,1,134
2024-07-21 18:36:13,0,0,101,167,1,135
2024-07-21 18:36:13,0,0,91,167,1,136
2024-07-21 18:36:14,29,55,95,167,0,119
2024-07-21 18:36:14,0,0,87,167,0,132
2024-07-21 18:36:15,0,0,93,167,0,137
2024-07-21 18:36:15,29,55,93,167,0,131
2024-07-21 18:36:16,0,0,94,167,1,136
2024-07-21 18:36:16,0,0,93,167,1,132
2024-07-21 18:36:16,29,55,94,167,1,140
2024-07-21 18:36:17,0,0,91,167,1,142
2024-07-21 18:36:17,0,0,93,167,1,131
2024-07-21 18:36:18,29,55,93,167,0,144
2024-07-21 18:36:18,0,0,94,167,0,135
2024-07-21 18:36:19,0,0,94,167,0,121
2024-07-21 18:36:19,29,55,90,167,1,136
2024-07-21 18:36:19,0,0,199,167,1,126
2024-07-21 18:36:20,0,0,94,167,1,114
2024-07-21 18:36:20,29,55,91,167,1,131
2024-07-21 18:36:21,0,0,94,167,1,114
2024-07-21 18:36:21,0,0,91,167,1,126
2024-07-21 18:36:21,29,55,94,167,0,114
2024-07-21 18:36:22,0,0,95,167,0,127
2024-07-21 18:36:22,0,0,93,167,0,145
2024-07-21 18:36:23,29,55,97,167,0,126
2024-07-21 18:36:23,0,0,91,167,0,144
2024-07-21 18:36:24,0,0,94,167,0,127
2024-07-21 18:36:24,29,55,93,167,0,140
2024-07-21 18:36:24,0,0,91,167,0,114
2024-07-21 18:36:25,0,0,92,167,0,131
2024-07-21 18:36:25,29,55,93,167,0,142
2024-07-21 18:36:26,0,0,94,167,0,134
2024-07-21 18:36:26,0,0,94,167,0,116
2024-07-21 18:36:26,29,55,93,167,1,124
2024-07-21 18:36:27,0,0,90,167,1,112
2024-07-21 18:36:27,0,0,88,167,1,135
2024-07-21 18:36:28,29,55,98,167,1,114
2024-07-21 18:36:28,0,0,93,167,1,125
2024-07-21 18:36:29,0,0,93,167,1,142
2024-07-21 18:36:29,29,55,94,167,0,140
2024-07-21 18:36:29,0,0,93,167,0,142
2024-07-21 18:36:30,0,0,89,167,0,134
2024-07-21 18:36:30,29,55,94,167,0,143
2024-07-21 18:36:31,0,0,92,167,0,138
2024-07-21 18:36:31,0,0,251,167,0,132
2024-07-21 18:36:32,29,55,93,167,0,135
2024-07-21 18:36:32,0,0,92,167,1,112
2024-07-21 18:36:32,0,0,94,167,1,142
2024-07-21 18:36:33,29,55,93,167,1,140
2024-07-21 18:36:33,0,0,93,167,1,131
2024-07-21 18:36:34,0,0,93,167,1,135
2024-07-21 18:36:34,29,55,93,167,1,129
2024-07-21 18:36:34,0,0,93,167,0,145
2024-07-21 18:36:35,0,0,93,167,0,119
2024-07-21 18:36:35,29,55,92,167,0,126
2024-07-21 18:36:36,0,0,93,167,0,127
2024-07-21 18:36:36,0,0,94,167,0,135
2024-07-21 18:36:37,29,55,175,167,0,110
2024-07-21 18:36:37,0,0,95,167,0,115
2024-07-21 18:36:37,0,0,94,167,0,141
2024-07-21 18:36:38,29,55,94,167,0,141
2024-07-21 18:36:38,0,0,94,167,0,119
2024-07-21 18:36:39,0,0,93,167,0,135
2024-07-21 18:36:39,29,55,93,167,0,128
2024-07-21 18:36:39,0,0,205,167,0,122
2024-07-21 18:36:40,0,0,178,167,0,137
2024-07-21 18:36:40,29,55,94,167,0,112
2024-07-21 18:36:41,0,0,92,167,0,127
2024-07-21 18:36:41,0,0,149,167,0,140
2024-07-21 18:36:42,29,55,93,167,0,125
2024-07-21 18:36:42,0,0,92,167,0,143
2024-07-21 18:36:42,0,0,268,167,0,134
2024-07-21 18:36:43,29,55,98,167,0,126
2024-07-21 18:36:43,0,0,94,167,0,122
2024-07-21 18:36:44,0,0,172,167,0,114
2024-07-21 18:36:44,29,55,94,167,0,135
2024-07-21 18:36:45,0,0,93,167,0,127
2024-07-21 18:36:45,0,0,93,167,0,143
2024-07-21 18:36:45,29,55,94,167,0,132
2024-07-21 18:36:46,0,0,94,167,0,143
2024-07-21 18:36:46,0,0,91,167,0,143
2024-07-21 18:36:47,29,55,291,167,0,119
2024-07-21 18:36:47,0,0,93,167,0,119
2024-07-21 18:36:47,0,0,98,167,0,132
2024-07-21 18:36:48,29,55,93,167,1,114
2024-07-21 18:36:48,0,0,93,167,1,138
2024-07-21 18:36:49,0,0,93,167,1,137
2024-07-21 18:36:49,29,55,93,167,1,140
2024-07-21 18:36:50,0,0,201,167,1,136
2024-07-21 18:36:50,0,0,93,167,1,134
2024-07-21 18:36:50,29,55,93,167,0,139
2024-07-21 18:36:51,0,0,92,167,0,113
2024-07-21 18:36:51,0,0,93,166,0,141
2024-07-21 18:36:52,29,55,90,167,0,112
2024-07-21 18:36:52,0,0,94,167,0,115
2024-07-21 18:36:52,0,0,93,167,0,137
2024-07-21 18:36:53,29,55,93,167,0,131
2024-07-21 18:36:53,0,0,93,167,1,138
2024-07-21 18:36:54,0,0,91,167,1,132
2024-07-21 18:36:54,29,55,98,167,1,141
2024-07-21 18:36:55,0,0,144,167,1,137
2024-07-21 18:36:55,0,0,94,167,1,142
2024-07-21 18:36:55,29,55,94,167,0,141
2024-07-21 18:36:56,0,0,133,167,0,130
2024-07-21 18:36:56,0,0,93,167,0,137
2024-07-21 18:36:57,29,55,93,167,0,111
2024-07-21 18:36:57,0,0,93,167,0,139
2024-07-21 18:36:58,0,0,93,167,0,120
2024-07-21 18:36:58,29,55,184,167,0,126
2024-07-21 18:36:58,0,0,93,167,1,134
2024-07-21 18:36:59,0,0,93,167,1,127
2024-07-21 18:36:59,29,55,94,167,1,136
2024-07-21 18:37:00,0,0,91,167,1,111
2024-07-21 18:37:00,0,0,93,167,1,140
2024-07-21 18:37:00,29,55,93,167,1,113
2024-07-21 18:37:01,0,0,201,167,0,109
2024-07-21 18:37:01,0,0,94,167,0,113
2024-07-21 18:37:02,29,55,94,167,0,113
2024-07-21 18:37:02,0,0,93,167,0,138
2024-07-21 18:37:03,0,0,95,167,0,138
2024-07-21 18:37:03,29,55,94,167,0,136
2024-07-21 18:37:03,0,0,95,167,0,139
2024-07-21 18:37:04,0,0,93,167,0,141
2024-07-21 18:37:04,29,55,94,167,0,142
2024-07-21 18:37:05,0,0,95,167,0,135
2024-07-21 18:37:05,0,0,94,167,0,111
2024-07-21 18:37:06,29,55,95,167,0,139
2024-07-21 18:37:06,0,0,94,167,0,141
2024-07-21 18:37:06,0,0,93,166,0,110
2024-07-21 18:37:07,29,55,94,167,0,115
2024-07-21 18:37:07,0,0,91,167,0,139
2024-07-21 18:37:08,0,0,94,167,0,129
2024-07-21 18:37:08,29,55,94,167,0,138
2024-07-21 18:37:08,0,0,94,167,0,127
2024-07-21 18:37:09,0,0,95,167,0,112
2024-07-21 18:37:09,29,54,93,167,0,123
2024-07-21 18:37:10,0,0,94,167,0,133
2024-07-21 18:37:10,0,0,91,167,0,138
2024-07-21 18:37:11,29,54,94,167,0,138
2024-07-21 18:37:11,0,0,94,167,0,134
2024-07-21 18:37:11,0,0,94,167,0,121
2024-07-21 18:37:12,29,54,93,167,0,141
2024-07-21 18:37:12,0,0,94,167,0,140
2024-07-21 18:37:13,0,0,95,167,0,129
2024-07-21 18:37:13,29,54,94,167,0,140
2024-07-21 18:37:13,0,0,93,167,0,140
2024-07-21 18:37:14,0,0,97,167,0,134
2024-07-21 18:37:14,29,54,94,167,0,138
2024-07-21 18:37:15,0,0,94,167,0,139
2024-07-21 18:37:15,0,0,94,167,0,118
2024-07-21 18:37:16,29,54,95,167,0,138
2024-07-21 18:37:16,0,0,94,167,0,112
2024-07-21 18:37:16,0,0,96,167,0,133
2024-07-21 18:37:17,29,54,95,167,0,115
2024-07-21 18:37:17,0,0,91,167,0,138
2024-07-21 18:37:18,0,0,94,167,0,131
2024-07-21 18:37:18,29,54,93,167,0,137
2024-07-21 18:37:18,0,0,94,167,1,127
2024-07-21 18:37:19,0,0,94,167,1,133
2024-07-21 18:37:19,29,54,93,167,1,110
2024-07-21 18:37:20,0,0,94,167,1,135
2024-07-21 18:37:20,0,0,93,167,1,138
2024-07-21 18:37:21,29,54,93,167,1,139
2024-07-21 18:37:21,0,0,93,167,0,132
2024-07-21 18:37:21,0,0,95,167,0,128
2024-07-21 18:37:22,29,54,94,167,0,119
2024-07-21 18:37:22,0,0,93,167,1,132
2024-07-21 18:37:23,0,0,93,167,1,110
2024-07-21 18:37:23,29,55,94,167,1,110
2024-07-21 18:37:24,0,0,92,167,1,141
2024-07-21 18:37:24,0,0,94,167,1,121
2024-07-21 18:37:24,29,55,94,167,0,126
2024-07-21 18:37:25,0,0,89,167,0,114
2024-07-21 18:37:25,0,0,94,167,0,139
2024-07-21 18:37:26,29,55,94,167,0,138
2024-07-21 18:37:26,0,0,94,167,0,139
2024-07-21 18:37:26,0,0,94,167,0,121
2024-07-21 18:37:27,28,53,94,167,0,129
2024-07-21 18:37:27,0,0,95,167,0,113
2024-07-21 18:37:28,0,0,94,167,0,142
2024-07-21 18:37:28,28,53,94,167,0,140
2024-07-21 18:37:29,0,0,93,167,0,127
2024-07-21 18:37:29,0,0,95,167,0,126
2024-07-21 18:37:29,29,54,93,167,0,130
2024-07-21 18:37:30,0,0,94,167,0,110
2024-07-21 18:37:30,0,0,114,167,0,137
2024-07-21 18:37:31,29,54,154,167,1,137
2024-07-21 18:37:31,0,0,94,167,1,137
2024-07-21 18:37:31,0,0,94,167,1,109
2024-07-21 18:37:32,29,54,225,167,1,129
2024-07-21 18:37:32,0,0,95,167,1,135
2024-07-21 18:37:33,0,0,94,167,1,135
2024-07-21 18:37:33,28,53,94,167,0,141
2024-07-21 18:37:34,0,0,94,167,0,109
2024-07-21 18:37:34,0,0,94,167,1,138
2024-07-21 18:37:34,29,55,93,167,1,138
2024-07-21 18:37:35,0,0,93,167,1,131
2024-07-21 18:37:35,0,0,94,167,1,130
2024-07-21 18:37:36,29,55,94,167,1,133
2024-07-21 18:37:36,0,0,94,167,1,110
2024-07-21 18:37:36,0,0,159,167,0,127
2024-07-21 18:37:37,29,55,93,167,0,121
2024-07-21 18:37:37,0,0,94,167,0,138
2024-07-21 18:37:38,0,0,93,167,1,120
2024-07-21 18:37:38,29,55,94,167,1,123
2024-07-21 18:37:39,0,0,93,167,1,125
2024-07-21 18:37:39,0,0,91,167,1,140
2024-07-21 18:37:39,28,54,94,167,1,142
2024-07-21 18:37:40,0,0,94,167,0,140
2024-07-21 18:37:40,0,0,92,167,0,112
2024-07-21 18:37:41,29,55,94,167,0,110
2024-07-21 18:37:41,0,0,159,167,1,118
2024-07-21 18:37:42,0,0,93,167,1,115
2024-07-21 18:37:42,29,55,89,167,1,119
2024-07-21 18:37:42,0,0,94,167,1,115
2024-07-21 18:37:43,0,0,96,167,1,112
2024-07-21 18:37:43,29,55,93,167,1,110
2024-07-21 18:37:44,0,0,96,167,0,139
2024-07-21 18:37:44,0,0,93,167,0,127
2024-07-21 18:37:44,29,55,95,167,0,134
2024-07-21 18:37:45,0,0,93,167,0,112
2024-07-21 18:37:45,0,0,94,167,0,110
2024-07-21 18:37:46,29,55,94,167,0,115
2024-07-21 18:37:46,0,0,94,167,0,134
2024-07-21 18:37:47,0,0,94,167,0,125
2024-07-21 18:37:47,29,55,95,167,0,130
2024-07-21 18:37:47,0,0,153,167,0,133
2024-07-21 18:37:48,0,0,336,167,0,130
2024-07-21 18:37:48,29,55,95,167,0,111
2024-07-21 18:37:49,0,0,133,167,0,109
2024-07-21 18:37:49,0,0,94,167,1,124
2024-07-21 18:37:49,29,55,89,167,1,114
2024-07-21 18:37:50,0,0,94,167,1,139
2024-07-21 18:37:50,0,0,92,167,1,125
2024-07-21 18:37:51,29,55,94,167,1,141
2024-07-21 18:37:51,0,0,94,167,1,139
2024-07-21 18:37:52,0,0,94,167,0,128
2024-07-21 18:37:52,29,55,94,167,0,132
2024-07-21 18:37:52,0,0,95,167,0,109
2024-07-21 18:37:53,0,0,94,167,0,110
2024-07-21 18:37:53,29,55,94,167,0,110
2024-07-21 18:37:54,0,0,93,167,0,139
2024-07-21 18:37:54,0,0,164,167,0,126
2024-07-21 18:37:55,29,55,94,167,0,116
2024-07-21 18:37:55,0,0,93,167,0,129
2024-07-21 18:37:55,0,0,91,167,0,125
2024-07-21 18:37:56,29,55,94,167,0,132
2024-07-21 18:37:56,0,0,94,167,0,111
2024-07-21 18:37:57,0,0,94,167,0,137
2024-07-21 18:37:57,29,55,207,167,0,129
2024-07-21 18:37:57,0,0,94,167,0,129
2024-07-21 18:37:58,0,0,93,167,0,111
2024-07-21 18:37:58,28,54,205,167,0,126
2024-07-21 18:37:59,0,0,93,167,0,113
2024-07-21 18:37:59,0,0,94,167,0,131
2024-07-21 18:38:00,29,55,93,167,0,125
2024-07-21 18:38:00,0,0,93,167,0,136
2024-07-21 18:38:00,0,0,133,167,0,135
2024-07-21 18:38:01,29,55,94,167,0,108
2024-07-21 18:38:01,0,0,94,167,0,109
2024-07-21 18:38:02,0,0,242,167,0,131
2024-07-21 18:38:02,29,54,93,167,0,123
2024-07-21 18:38:03,0,0,94,167,0,122
2024-07-21 18:38:03,0,0,95,167,0,141
2024-07-21 18:38:03,29,54,99,167,0,141
2024-07-21 18:38:04,0,0,95,167,0,130
2024-07-21 18:38:04,0,0,94,167,0,131
2024-07-21 18:38:05,29,54,187,167,0,119
2024-07-21 18:38:05,0,0,95,167,0,128
2024-07-21 18:38:05,0,0,94,167,0,131
2024-07-21 18:38:06,29,54,95,167,0,139
2024-07-21 18:38:06,0,0,94,167,0,116
2024-07-21 18:38:07,0,0,185,167,0,134
2024-07-21 18:38:07,29,54,95,167,0,110
2024-07-21 18:38:08,0,0,95,167,0,137
2024-07-21 18:38:08,0,0,93,167,0,136
2024-07-21 18:38:08,29,54,91,167,0,137
2024-07-21 18:38:09,0,0,209,167,0,132
2024-07-21 18:38:09,0,0,95,167,0,136
2024-07-21 18:38:10,29,54,94,167,0,133
2024-07-21 18:38:10,0,0,140,167,0,109
2024-07-21 18:38:10,0,0,89,167,0,109
2024-07-21 18:38:11,29,54,95,167,0,128
2024-07-21 18:38:11,0,0,135,167,0,118
2024-07-21 18:38:12,0,0,94,167,0,139
2024-07-21 18:38:12,29,54,95,167,0,137
2024-07-21 18:38:13,0,0,247,167,0,115
2024-07-21 18:38:13,0,0,94,167,0,135
2024-07-21 18:38:13,29,54,94,167,0,131
2024-07-21 18:38:14,0,0,223,167,0,105
2024-07-21 18:38:14,0,0,94,167,0,107
2024-07-21 18:38:15,29,54,95,167,0,111
2024-07-21 18:38:15,0,0,94,167,0,132
2024-07-21 18:38:16,0,0,94,167,0,121
2024-07-21 18:38:16,29,54,202,167,0,122
2024-07-21 18:38:16,0,0,94,167,0,130
2024-07-21 18:38:17,0,0,97,167,0,130
2024-07-21 18:38:17,28,53,93,167,0,115
2024-07-21 18:38:18,0,0,95,167,0,116
2024-07-21 18:38:18,0,0,151,167,0,114
2024-07-21 18:38:18,29,54,95,167,1,119
2024-07-21 18:38:19,0,0,138,167,1,130
2024-07-21 18:38:19,0,0,95,167,1,129
2024-07-21 18:38:20,29,54,93,167,1,126
2024-07-21 18:38:20,0,0,93,167,1,130
2024-07-21 18:38:21,0,0,93,167,1,116
2024-07-21 18:38:21,29,54,94,167,0,104
2024-07-21 18:38:21,0,0,95,167,0,133
2024-07-21 18:38:22,0,0,95,167,0,126
2024-07-21 18:38:22,29,54,94,167,0,128
2024-07-21 18:38:23,0,0,94,167,0,107
2024-07-21 18:38:23,0,0,95,167,0,108
2024-07-21 18:38:24,29,54,219,167,0,132
2024-07-21 18:38:24,0,0,95,167,0,130
2024-07-21 18:38:24,0,0,94,167,0,106
2024-07-21 18:38:25,29,54,94,167,0,133
2024-07-21 18:38:25,0,0,215,167,0,108
2024-07-21 18:38:26,0,0,94,167,0,111
2024-07-21 18:38:26,29,54,94,167,0,113
2024-07-21 18:38:26,0,0,95,167,0,125
2024-07-21 18:38:27,0,0,95,167,0,130
2024-07-21 18:38:27,29,54,129,167,0,121
2024-07-21 18:38:28,0,0,94,167,0,137
2024-07-21 18:38:28,0,0,101,167,1,137
2024-07-21 18:38:29,29,54,94,167,1,132
2024-07-21 18:38:29,0,0,95,167,1,133
2024-07-21 18:38:29,0,0,94,167,1,129
2024-07-21 18:38:30,28,53,114,167,1,134
2024-07-21 18:38:30,0,0,95,167,1,107
2024-07-21 18:38:31,0,0,93,167,0,106
2024-07-21 18:38:31,28,53,94,167,0,111
2024-07-21 18:38:32,0,0,94,167,1,130
2024-07-21 18:38:32,0,0,276,167,1,107
2024-07-21 18:38:32,29,54,149,167,1,105
2024-07-21 18:38:33,0,0,96,167,1,107
2024-07-21 18:38:33,0,0,93,167,1,105
2024-07-21 18:38:34,29,54,97,167,1,110
2024-07-21 18:38:34,0,0,95,167,0,131
2024-07-21 18:38:34,0,0,93,167,0,134
2024-07-21 18:38:35,29,54,93,167,0,135
2024-07-21 18:38:35,0,0,95,167,0,111
2024-07-21 18:38:36,0,0,93,167,0,125
2024-07-21 18:38:36,29,54,94,167,0,110
2024-07-21 18:38:37,0,0,95,167,0,126
2024-07-21 18:38:37,0,0,95,167,0,131
2024-07-21 18:38:37,29,54,95,167,0,132
2024-07-21 18:38:38,0,0,153,167,0,125
2024-07-21 18:38:38,0,0,95,167,0,129
2024-07-21 18:38:39,29,54,94,167,1,125
2024-07-21 18:38:39,0,0,93,167,1,134
2024-07-21 18:38:39,0,0,95,167,1,134
2024-07-21 18:38:40,29,54,93,167,1,134
2024-07-21 18:38:40,0,0,94,167,1,106
2024-07-21 18:38:41,0,0,94,167,1,134
2024-07-21 18:38:41,28,53,94,167,0,131
2024-07-21 18:38:42,0,0,95,167,0,130
2024-07-21 18:38:42,0,0,95,167,0,105
2024-07-21 18:38:42,29,54,95,167,0,111
2024-07-21 18:38:43,0,0,97,167,0,114
2024-07-21 18:38:43,0,0,95,167,0,118
2024-07-21 18:38:44,29,54,98,167,0,106
2024-07-21 18:38:44,0,0,95,167,0,132
2024-07-21 18:38:44,0,0,95,167,0,130
2024-07-21 18:38:45,28,53,95,167,0,104
2024-07-21 18:38:45,0,0,95,167,0,104
2024-07-21 18:38:46,0,0,96,167,0,130
2024-07-21 18:38:46,29,54,99,167,0,126
2024-07-21 18:38:47,0,0,96,167,0,130
2024-07-21 18:38:47,0,0,95,167,0,108
2024-07-21 18:38:47,28,53,94,167,0,126
2024-07-21 18:38:48,0,0,95,167,0,105
2024-07-21 18:38:48,0,0,97,167,0,135
2024-07-21 18:38:49,29,54,95,167,0,135
2024-07-21 18:38:49,0,0,95,167,0,131
2024-07-21 18:38:50,0,0,95,167,0,107
2024-07-21 18:38:50,29,54,96,167,0,124
2024-07-21 18:38:50,0,0,95,167,0,106
2024-07-21 18:38:51,0,0,95,167,0,128
2024-07-21 18:38:51,29,54,95,167,0,121
2024-07-21 18:38:52,0,0,95,167,0,132
2024-07-21 18:38:52,0,0,95,167,0,126
2024-07-21 18:38:52,28,53,95,167,0,131
2024-07-21 18:38:53,0,0,95,167,0,107
2024-07-21 18:38:53,0,0,95,166,0,135
2024-07-21 18:38:54,29,54,95,167,0,134
2024-07-21 18:38:54,0,0,350,167,0,103
2024-07-21 18:38:55,0,0,96,167,0,115
2024-07-21 18:38:55,29,54,94,167,0,108
2024-07-21 18:38:55,0,0,96,167,0,133
2024-07-21 18:38:56,0,0,95,167,0,127
2024-07-21 18:38:56,28,53,95,167,1,134
2024-07-21 18:38:57,0,0,95,167,1,109
2024-07-21 18:38:57,0,0,95,167,1,116
2024-07-21 18:38:57,29,54,95,167,1,110
2024-07-21 18:38:58,0,0,94,167,1,132
2024-07-21 18:38:58,0,0,94,167,0,129
2024-07-21 18:38:59,29,54,97,167,0,135
2024-07-21 18:38:59,0,0,91,167,0,116
2024-07-21 18:39:00,0,0,95,167,1,116
2024-07-21 18:39:00,28,53,94,167,1,107
2024-07-21 18:39:00,0,0,97,167,1,125
2024-07-21 18:39:01,0,0,96,167,1,136
2024-07-21 18:39:01,28,53,95,167,1,132
2024-07-21 18:39:02,0,0,95,167,1,133
2024-07-21 18:39:02,0,0,95,167,0,108
2024-07-21 18:39:03,29,54,99,167,0,114
2024-07-21 18:39:03,0,0,95,167,0,116
2024-07-21 18:39:03,0,0,93,167,0,135
2024-07-21 18:39:04,28,53,95,167,1,130
2024-07-21 18:39:04,0,0,95,167,1,130
2024-07-21 18:39:05,0,0,97,167,1,124
2024-07-21 18:39:05,28,53,95,167,1,113
2024-07-21 18:39:05,0,0,95,167,1,135
2024-07-21 18:39:06,0,0,95,167,0,131
2024-07-21 18:39:06,28,53,91,167,0,136
2024-07-21 18:39:07,0,0,95,167,0,123
2024-07-21 18:39:07,0,0,95,167,0,126
2024-07-21 18:39:08,28,53,95,167,0,106
2024-07-21 18:39:08,0,0,95,167,0,133
2024-07-21 18:39:08,0,0,95,167,0,126
2024-07-21 18:39:09,29,54,95,167,0,134
2024-07-21 18:39:09,0,0,97,167,0,121
2024-07-21 18:39:10,0,0,156,167,0,133
2024-07-21 18:39:10,28,53,95,167,0,113
2024-07-21 18:39:10,0,0,95,167,0,135
2024-07-21 18:39:11,0,0,93,167,0,119
2024-07-21 18:39:11,28,53,95,167,0,126
2024-07-21 18:39:12,0,0,96,167,0,109
2024-07-21 18:39:12,0,0,96,167,0,135
2024-07-21 18:39:13,28,54,94,167,0,131
2024-07-21 18:39:13,0,0,95,167,0,132
2024-07-21 18:39:13,0,0,98,167,0,110
2024-07-21 18:39:14,29,55,95,167,0,115
2024-07-21 18:39:14,0,0,96,167,0,135
2024-07-21 18:39:15,0,0,95,167,0,126
2024-07-21 18:39:15,29,54,95,167,0,135
2024-07-21 18:39:15,0,0,95,167,0,112
2024-07-21 18:39:16,0,0,269,167,0,133
2024-07-21 18:39:16,29,54,93,167,0,131
2024-07-21 18:39:17,0,0,95,167,0,130
2024-07-21 18:39:17,0,0,161,167,0,131
2024-07-21 18:39:18,29,54,97,167,0,115
2024-07-21 18:39:18,0,0,95,167,0,136
2024-07-21 18:39:18,0,0,95,167,0,121
2024-07-21 18:39:19,28,53,95,167,0,125
2024-07-21 18:39:19,0,0,95,167,0,106
2024-07-21 18:39:20,0,0,95,167,0,137
2024-07-21 18:39:20,28,53,99,167,0,110
2024-07-21 18:39:21,0,0,95,167,0,137
2024-07-21 18:39:21,0,0,95,167,0,126
2024-07-21 18:39:21,29,54,95,167,0,132
2024-07-21 18:39:22,0,0,95,167,0,107
2024-07-21 18:39:22,0,0,96,167,0,133
2024-07-21 18:39:23,29,55,96,167,1,106
2024-07-21 18:39:23,0,0,96,167,1,131
2024-07-21 18:39:23,0,0,95,167,1,135
2024-07-21 18:39:24,28,54,96,167,1,131
2024-07-21 18:39:24,0,0,97,167,1,135
2024-07-21 18:39:25,0,0,96,167,0,116
2024-07-21 18:39:25,28,54,95,167,0,123
2024-07-21 18:39:26,0,0,97,167,0,111
2024-07-21 18:39:26,0,0,223,167,0,125
2024-07-21 18:39:26,28,54,95,167,0,132
2024-07-21 18:39:27,0,0,95,167,0,129
2024-07-21 18:39:27,0,0,95,167,1,108
2024-07-21 18:39:28,28,54,95,167,1,133
2024-07-21 18:39:28,0,0,157,167,1,129
2024-07-21 18:39:28,0,0,95,167,1,131
2024-07-21 18:39:29,28,54,93,167,1,126
2024-07-21 18:39:29,0,0,95,167,1,134
2024-07-21 18:39:30,0,0,95,167,0,112
2024-07-21 18:39:30,29,55,147,167,0,117
2024-07-21 18:39:31,0,0,95,167,0,124
2024-07-21 18:39:31,0,0,96,167,1,134
2024-07-21 18:39:31,29,55,95,167,1,134
2024-07-21 18:39:32,0,0,95,167,1,122
2024-07-21 18:39:32,0,0,97,167,1,115
2024-07-21 18:39:33,28,54,95,167,1,107
2024-07-21 18:39:33,0,0,221,167,0,117
2024-07-21 18:39:34,0,0,193,167,0,114
2024-07-21 18:39:34,28,54,95,167,0,123
2024-07-21 18:39:34,0,0,98,167,0,106
2024-07-21 18:39:35,0,0,95,167,0,131
2024-07-21 18:39:35,29,55,95,167,1,127
2024-07-21 18:39:36,0,0,95,167,1,135
2024-07-21 18:39:36,0,0,97,167,1,107
2024-07-21 18:39:36,29,55,252,167,1,130
2024-07-21 18:39:37,0,0,95,167,1,134
2024-07-21 18:39:37,0,0,95,167,1,114
2024-07-21 18:39:38,29,55,95,167,0,121
2024-07-21 18:39:38,0,0,95,167,0,107
2024-07-21 18:39:39,0,0,96,167,0,135
2024-07-21 18:39:39,29,55,95,167,0,126
2024-07-21 18:39:39,0,0,150,167,0,113
2024-07-21 18:39:40,0,0,97,167,0,132
2024-07-21 18:39:40,29,54,95,167,0,127
2024-07-21 18:39:41,0,0,93,167,0,136
2024-07-21 18:39:41,0,0,97,167,0,112
2024-07-21 18:39:41,28,53,217,167,0,104
2024-07-21 18:39:42,0,0,94,167,0,107
2024-07-21 18:39:42,0,0,95,167,0,128
2024-07-21 18:39:43,28,53,95,167,0,116
2024-07-21 18:39:43,0,0,96,167,0,136
2024-07-21 18:39:44,0,0,139,167,0,133
2024-07-21 18:39:44,28,54,97,167,0,122
2024-07-21 18:39:44,0,0,96,167,0,127
2024-07-21 18:39:45,0,0,270,167,0,131
2024-07-21 18:39:45,28,54,95,167,0,117
2024-07-21 18:39:46,0,0,96,167,0,135
2024-07-21 18:39:46,0,0,95,167,0,120
2024-07-21 18:39:47,28,53,95,167,0,127
2024-07-21 18:39:47,0,0,95,167,0,108
2024-07-21 18:39:47,0,0,99,167,0,131
2024-07-21 18:39:48,29,54,95,167,0,113
2024-07-21 18:39:48,0,0,97,167,0,137
2024-07-21 18:39:49,0,0,95,167,0,133
2024-07-21 18:39:49,28,53,95,167,1,135
2024-07-21 18:39:49,0,0,97,167,1,125
2024-07-21 18:39:50,0,0,96,167,1,111
2024-07-21 18:39:50,29,54,97,167,1,110
2024-07-21 18:39:51,0,0,95,167,1,131
2024-07-21 18:39:51,0,0,96,167,1,135
2024-07-21 18:39:52,28,53,95,167,0,137
2024-07-21 18:39:52,0,0,95,167,0,122
2024-07-21 18:39:52,0,0,95,167,0,117
2024-07-21 18:39:53,28,53,93,167,0,114
2024-07-21 18:39:53,0,0,95,167,0,127
2024-07-21 18:39:54,0,0,157,167,0,118
2024-07-21 18:39:54,28,53,221,167,1,134
2024-07-21 18:39:54,0,0,95,167,1,135
2024-07-21 18:39:55,0,0,95,167,1,109
2024-07-21 18:39:55,29,54,97,167,1,109
2024-07-21 18:39:56,0,0,95,167,1,136
2024-07-21 18:39:56,0,0,94,167,1,127
2024-07-21 18:39:57,28,53,95,167,0,132
2024-07-21 18:39:57,0,0,95,167,0,111
2024-07-21 18:39:57,0,0,96,167,0,130
2024-07-21 18:39:58,29,54,96,167,0,111
2024-07-21 18:39:58,0,0,92,167,0,137
2024-07-21 18:39:59,0,0,95,167,0,132
2024-07-21 18:39:59,29,54,97,167,0,136
2024-07-21 18:40:00,0,0,292,167,0,135
2024-07-21 18:40:00,0,0,95,167,0,138
2024-07-21 18:40:00,28,53,96,167,0,137
2024-07-21 18:40:01,0,0,95,166,0,111
2024-07-21 18:40:01,0,0,95,167,0,127
2024-07-21 18:40:02,29,54,96,167,0,115
2024-07-21 18:40:02,0,0,97,167,1,123
2024-07-21 18:40:02,0,0,97,167,1,136
2024-07-21 18:40:03,28,53,96,167,1,132
2024-07-21 18:40:03,0,0,95,167,1,119
2024-07-21 18:40:04,0,0,96,167,1,138
2024-07-21 18:40:04,28,53,98,167,0,133
2024-07-21 18:40:05,0,0,97,167,0,133
2024-07-21 18:40:05,0,0,98,167,0,113
2024-07-21 18:40:05,29,54,95,167,0,119
2024-07-21 18:40:06,0,0,96,167,0,110
2024-07-21 18:40:06,0,0,97,167,0,136
2024-07-21 18:40:07,29,54,95,167,0,129
2024-07-21 18:40:07,0,0,97,167,0,132
2024-07-21 18:40:07,0,0,96,167,0,115
2024-07-21 18:40:08,28,53,98,167,0,121
2024-07-21 18:40:08,0,0,99,167,0,111
2024-07-21 18:40:09,0,0,95,167,0,137
2024-07-21 18:40:09,28,53,103,167,0,129
2024-07-21 18:40:10,0,0,98,167,0,137
2024-07-21 18:40:10,0,0,97,167,0,113
2024-07-21 18:40:10,28,53,97,167,0,122
2024-07-21 18:40:11,0,0,96,167,1,111
2024-07-21 18:40:11,0,0,97,3,1,134
2024-07-21 18:40:12,28,53,96,3,1,126
2024-07-21 18:40:12,0,0,96,167,1,137
2024-07-21 18:40:12,0,0,95,167,1,113
2024-07-21 18:40:13,28,53,95,2,1,115
2024-07-21 18:40:13,0,0,96,19,0,137
2024-07-21 18:40:14,0,0,98,167,0,125
2024-07-21 18:40:14,28,53,96,167,0,135
2024-07-21 18:40:15,0,0,95,5,1,107
2024-07-21 18:40:15,0,0,96,167,1,127
2024-07-21 18:40:15,28,53,95,167,1,120
2024-07-21 18:40:16,0,0,98,5,1,135
2024-07-21 18:40:16,0,0,95,167,1,116
2024-07-21 18:40:17,29,54,97,167,1,134
2024-07-21 18:40:17,0,0,96,1,0,106
2024-07-21 18:40:17,0,0,99,2,0,138
2024-07-21 18:40:18,28,53,97,1,1,135
2024-07-21 18:40:18,0,0,99,1,1,129
2024-07-21 18:40:19,0,0,96,1,1,114
2024-07-21 18:40:19,28,53,98,167,1,115
2024-07-21 18:40:19,0,0,97,167,1,123
2024-07-21 18:40:20,0,0,96,3,1,134
2024-07-21 18:40:20,28,53,102,8,0,137
2024-07-21 18:40:21,0,0,96,3,0,115
2024-07-21 18:40:21,0,0,98,8,0,128
2024-07-21 18:40:22,28,53,97,167,1,112
2024-07-21 18:40:22,0,0,97,167,1,135
2024-07-21 18:40:22,0,0,236,2,1,113
2024-07-21 18:40:23,29,54,97,1,1,129
2024-07-21 18:40:23,0,0,97,1,1,112
2024-07-21 18:40:24,0,0,217,1,1,118
2024-07-21 18:40:24,29,54,96,167,0,134
2024-07-21 18:40:24,0,0,98,167,0,132
2024-07-21 18:40:25,0,0,95,1,0,122
2024-07-21 18:40:25,28,53,101,1,1,120
2024-07-21 18:40:26,0,0,98,0,1,138
2024-07-21 18:40:26,0,0,98,1,1,109
2024-07-21 18:40:26,29,54,96,167,1,119
2024-07-21 18:40:27,0,0,95,167,1,108
2024-07-21 18:40:27,0,0,96,1,1,132
2024-07-21 18:40:28,29,54,96,1,0,134
2024-07-21 18:40:28,0,0,93,167,0,131
2024-07-21 18:40:29,0,0,97,167,1,107
2024-07-21 18:40:29,28,53,100,167,1,118
2024-07-21 18:40:29,0,0,96,167,1,121
2024-07-21 18:40:30,0,0,97,167,1,136
2024-07-21 18:40:30,29,54,101,167,1,136
2024-07-21 18:40:31,0,0,97,167,1,126
2024-07-21 18:40:31,0,0,96,167,0,111
2024-07-21 18:40:31,29,54,166,167,0,111
2024-07-21 18:40:32,0,0,96,167,0,134
2024-07-21 18:40:32,0,0,99,167,0,127
2024-07-21 18:40:33,29,54,96,167,0,135
2024-07-21 18:40:33,0,0,99,167,0,110
2024-07-21 21:33:50,27,57,13,516,0,71
2024-07-21 21:33:50,0,0,13,516,0,70
2024-07-21 21:33:51,0,0,13,516,0,83
2024-07-21 21:33:51,27,58,11,516,0,66
2024-07-21 21:33:51,0,0,12,516,0,80
2024-07-21 21:33:52,0,0,10,516,0,83
2024-07-21 21:33:52,27,58,14,516,0,80
2024-07-21 21:33:53,0,0,11,516,0,80
2024-07-21 21:33:53,0,0,12,516,0,82
2024-07-21 21:33:54,27,58,13,516,0,74
2024-07-21 21:33:54,0,0,13,516,0,80
2024-07-21 21:33:55,0,0,13,516,0,83
2024-07-21 21:33:55,27,58,11,516,0,70
2024-07-21 21:33:55,0,0,13,516,0,69
2024-07-21 21:33:56,0,0,11,516,0,83
2024-07-21 21:33:56,27,58,11,516,0,79
2024-07-21 21:33:57,0,0,12,516,0,53
2024-07-21 21:33:57,0,0,13,516,0,47
2024-07-21 21:33:58,27,58,13,516,0,59
2024-07-21 21:33:58,0,0,14,516,0,47
2024-07-21 21:33:58,0,0,10,516,0,80
2024-07-21 21:33:59,27,58,13,516,0,65
2024-07-21 21:33:59,0,0,14,516,0,63
2024-07-21 21:34:00,0,0,13,516,0,69
2024-07-21 21:34:00,27,58,11,516,0,63
2024-07-21 21:34:01,0,0,13,516,0,59
2024-07-21 21:34:01,0,0,14,516,0,70
2024-07-21 21:34:02,27,58,14,516,0,59
2024-07-21 21:34:02,0,0,12,516,0,47
2024-07-21 21:34:02,0,0,14,516,0,63
2024-07-21 21:34:03,27,58,15,516,0,69
2024-07-21 21:34:03,0,0,13,516,0,49
2024-07-21 21:34:04,0,0,11,516,0,84
2024-07-21 21:34:04,27,58,14,516,0,51
2024-07-21 21:34:05,0,0,14,516,0,80
2024-07-21 21:34:05,0,0,14,516,0,67
2024-07-21 21:34:06,27,58,11,516,0,81
2024-07-21 21:34:06,0,0,14,516,0,81
2024-07-21 21:34:06,0,0,11,516,0,69
2024-07-21 21:34:07,27,58,14,516,0,74
2024-07-21 21:34:07,0,0,13,516,0,82
2024-07-21 21:34:08,0,0,13,516,0,48
2024-07-21 21:34:08,27,58,14,516,0,60
2024-07-21 21:34:09,0,0,16,516,0,64
2024-07-21 21:34:09,0,0,13,516,0,84
2024-07-21 21:34:09,27,58,14,516,0,51
2024-07-21 21:34:10,0,0,8,516,0,87
2024-07-21 21:34:10,0,0,13,516,0,83
2024-07-21 21:34:11,27,58,14,516,0,66
2024-07-21 21:34:11,0,0,13,516,0,81
2024-07-21 21:34:12,0,0,14,516,0,76
2024-07-21 21:34:12,27,58,11,516,0,85
2024-07-21 21:34:13,0,0,14,516,0,84
2024-07-21 21:34:13,0,0,14,516,0,47
2024-07-21 21:34:13,27,58,14,516,0,81
2024-07-21 21:34:14,0,0,11,516,0,77
2024-07-21 21:34:14,0,0,10,516,0,52
2024-07-21 21:34:15,27,58,12,516,0,84
2024-07-21 21:34:15,0,0,12,516,0,54
2024-07-21 21:34:16,0,0,11,516,0,68
2024-07-21 21:34:16,27,58,11,516,0,83
2024-07-21 21:34:17,0,0,14,516,0,72
2024-07-21 21:34:17,0,0,12,516,0,62
2024-07-21 21:34:17,27,58,10,516,0,86
2024-07-21 21:34:18,0,0,14,516,0,55
2024-07-21 21:34:18,0,0,11,516,0,47
2024-07-21 21:34:19,27,58,12,516,0,62
2024-07-21 21:34:19,0,0,12,516,0,54
2024-07-21 21:34:20,0,0,12,516,0,69
2024-07-21 21:34:20,27,58,9,516,0,63
2024-07-21 21:34:20,0,0,14,516,0,58
2024-07-21 21:34:21,0,0,12,516,0,84
2024-07-21 21:34:21,27,58,13,516,0,78
2024-07-21 21:34:22,0,0,11,516,0,83
2024-07-21 21:34:22,0,0,12,516,0,55
2024-07-21 21:34:23,27,58,12,516,0,81
2024-07-21 21:34:23,0,0,13,516,0,74
2024-07-21 21:34:24,0,0,14,516,0,57
2024-07-21 21:34:24,27,58,14,516,0,55
2024-07-21 21:34:24,0,0,14,516,0,56
2024-07-21 21:34:25,0,0,14,516,0,78
2024-07-21 21:34:25,27,58,14,516,0,52
2024-07-21 21:34:26,0,0,11,516,0,82
2024-07-21 21:34:26,0,0,14,516,0,88
2024-07-21 21:34:27,27,58,10,516,0,83
2024-07-21 21:34:27,0,0,10,516,0,74
